,Mode,Set P,PEEP,PSV,Actual RR,Set RR,Vti,Cdyn,EtCo2,SpO2 (%),Animal,Breed,Gender,Weigth(kg),Age(years),FinalCondition,Temperature (F),Actual_PIP,Heart_Rate,Blood_Pressure_SAP
4,6,15.0,5.0,5.0,25.0,25.0,97.0,15.0,32.0,98.0,1,1,1,1.9,1.0,0,96.3,15.0,66.0,150.0
5,6,15.0,5.0,5.0,8.0,20.0,97.0,15.0,27.0,98.0,1,1,1,1.9,1.0,0,96.4,15.0,94.0,160.0
6,6,15.0,5.0,5.0,17.0,17.0,46.0,15.0,31.0,94.0,1,1,1,1.9,1.0,0,97.2,15.0,94.0,160.0
7,6,15.0,5.0,5.0,17.0,17.0,41.0,15.0,36.0,92.0,1,1,1,1.9,1.0,0,98.1,15.0,53.0,175.0
8,6,15.0,6.0,5.0,20.0,17.0,35.0,15.0,39.0,93.0,1,1,1,1.9,1.0,0,99.5,15.0,78.0,160.0
9,6,13.0,6.0,5.0,112.0,17.0,24.0,15.0,32.0,94.0,1,1,1,1.9,1.0,0,99.3,20.4,91.0,75.0
11,6,13.0,7.0,5.0,52.0,17.0,25.0,15.0,37.0,92.0,1,1,1,1.9,1.0,0,99.7,14.3,93.0,125.0
13,6,13.0,7.0,5.0,21.0,17.0,22.0,3.0,46.0,92.0,1,1,1,1.9,1.0,0,100.6,13.3,110.0,135.0
15,6,14.0,7.0,5.0,24.0,22.0,22.0,3.0,42.0,91.0,1,1,1,1.9,1.0,0,100.0,9.1,93.0,135.0
16,6,14.0,7.0,5.0,25.0,24.0,18.0,3.0,42.0,87.0,1,1,1,1.9,1.0,0,100.8,15.5,95.0,138.0
17,6,14.0,7.0,6.0,22.0,28.0,23.0,3.0,37.0,89.0,1,1,1,1.9,1.0,0,99.7,14.8,97.0,155.0
18,6,14.0,7.0,6.0,26.0,28.0,22.0,3.0,37.0,96.0,1,1,1,1.9,1.0,0,99.5,22.8,89.0,150.0
19,6,14.0,7.0,6.0,26.0,28.0,23.0,3.0,36.0,93.0,1,1,1,1.9,1.0,0,100.4,23.1,103.0,175.0
20,6,14.0,7.0,6.0,19.0,28.0,23.0,3.0,31.0,90.0,1,1,1,1.9,1.0,0,99.5,22.8,98.0,175.0
21,6,14.0,7.0,6.0,28.0,31.0,36.0,3.0,43.0,89.0,1,1,1,1.9,1.0,0,99.7,22.5,99.0,180.0
22,6,13.0,7.0,6.0,20.0,28.0,18.0,3.0,38.0,88.0,1,1,1,1.9,1.0,0,98.6,16.0,108.0,165.0
23,6,13.0,7.0,6.0,74.0,28.0,37.0,3.0,35.0,84.0,1,1,1,1.9,1.0,0,99.3,16.8,185.0,160.0
26,6,13.0,7.0,9.0,114.0,20.0,38.0,4.0,33.0,88.0,1,1,1,1.9,1.0,0,99.9,18.7,146.0,120.0
28,6,13.0,9.0,7.0,89.0,20.0,22.0,2.0,30.0,89.0,1,1,1,1.9,1.0,0,101.3,23.6,129.0,118.0
29,6,13.0,9.0,5.0,34.0,20.0,19.0,6.0,36.0,87.0,1,1,1,1.9,1.0,0,100.0,18.3,129.0,122.0
30,6,13.0,9.0,5.0,87.0,20.0,38.0,2.0,35.0,84.0,1,1,1,1.9,1.0,0,100.9,29.1,130.0,185.0
31,6,13.0,10.0,5.0,112.0,25.0,38.0,2.0,30.0,81.0,1,1,1,1.9,1.0,0,99.0,24.0,130.0,175.0
65,4,16.0,10.0,10.3,26.0,22.0,97.0,15.0,43.0,95.0,1,8,0,20.0,13.0,0,100.9,0.0,112.0,120.0
67,5,16.0,10.0,5.0,16.0,16.0,225.0,15.0,32.0,100.0,1,8,0,20.0,13.0,0,99.3,28.0,117.0,80.0
68,5,16.0,10.8,5.0,16.0,16.0,255.0,20.0,29.0,95.0,1,8,0,20.0,13.0,0,98.6,25.6,70.0,76.0
69,5,16.0,8.0,5.0,16.0,16.0,224.0,17.0,31.0,99.0,1,8,0,20.0,13.0,0,98.4,25.9,58.0,189.0
70,5,16.0,6.0,5.0,16.0,16.0,228.0,17.0,34.0,99.0,1,8,0,20.0,13.0,0,99.7,25.6,48.0,151.0
71,5,14.0,7.0,5.0,33.0,18.0,218.0,15.0,35.0,99.0,1,8,0,20.0,13.0,0,100.0,23.8,85.0,162.0
72,5,14.0,7.0,5.0,32.0,20.0,227.0,15.0,36.0,100.0,1,8,0,20.0,13.0,0,100.6,23.5,100.0,182.0
73,5,14.0,7.0,5.0,34.0,20.0,221.0,15.0,34.0,100.0,1,8,0,20.0,13.0,0,101.1,23.8,90.0,164.0
74,5,13.0,7.0,5.0,29.0,20.0,191.0,14.0,36.0,100.0,1,8,0,20.0,13.0,0,101.5,22.5,61.0,148.0
75,5,13.0,7.0,5.0,28.0,20.0,209.0,16.0,34.0,100.0,1,8,0,20.0,13.0,0,101.1,22.2,78.0,163.0
76,5,13.0,7.0,5.0,27.0,20.0,231.0,17.0,31.0,100.0,1,8,0,20.0,13.0,0,101.7,22.7,57.0,153.0
77,5,13.0,7.0,5.0,28.0,20.0,234.0,18.0,29.0,100.0,1,8,0,20.0,13.0,0,102.0,22.7,90.0,186.0
78,5,13.0,7.0,5.0,114.0,20.0,247.0,18.0,35.0,100.0,1,8,0,20.0,13.0,0,101.8,22.4,56.0,150.0
79,5,11.0,6.0,5.0,26.0,20.0,234.0,20.0,30.0,98.0,1,8,0,20.0,13.0,0,100.9,19.0,91.0,173.0
80,5,10.0,6.0,5.0,28.0,20.0,202.0,19.0,34.0,99.0,1,8,0,20.0,13.0,0,100.6,18.0,54.0,158.0
81,5,12.0,5.0,5.0,32.0,20.0,205.0,15.0,34.0,100.0,1,8,0,20.0,13.0,0,100.0,19.4,103.0,165.0
82,5,12.0,5.0,5.0,32.0,20.0,206.0,16.0,32.0,100.0,1,8,0,20.0,13.0,0,100.4,19.2,91.0,162.0
83,5,12.0,5.0,5.0,29.0,18.0,202.0,16.0,35.0,100.0,1,8,0,20.0,13.0,0,100.4,12.0,66.0,153.0
84,5,10.0,5.0,5.0,36.0,18.0,206.0,20.0,47.0,95.0,1,8,0,20.0,13.0,0,100.0,16.6,60.0,129.0
85,5,10.0,4.0,5.0,28.0,10.0,184.0,17.0,45.0,97.0,1,8,0,20.0,13.0,0,100.4,15.9,91.0,192.0
87,0,16.0,10.0,14.0,66.0,30.0,25.0,15.0,34.0,80.0,0,10,1,4.85,2.0,0,97.5,39.1,217.0,70.0
91,6,16.0,10.0,14.0,98.0,30.0,13.0,15.0,37.0,95.0,0,10,1,4.85,2.0,0,98.8,25.1,212.0,62.0
92,6,16.0,8.0,14.0,32.0,30.0,38.0,15.0,43.0,95.0,0,10,1,4.85,2.0,0,99.1,39.8,202.0,70.0
95,0,16.0,8.0,14.0,30.0,30.0,48.0,15.0,42.0,83.0,0,10,1,4.85,2.0,0,100.8,38.6,220.0,75.0
102,6,25.0,9.0,12.0,25.0,25.0,53.0,15.0,42.0,95.0,1,4,1,5.22,5.0,0,97.5,31.1,57.0,90.0
103,6,23.0,9.0,12.0,25.0,25.0,47.0,15.0,43.0,96.0,1,4,1,5.22,5.0,0,97.5,31.1,52.0,100.0
104,6,23.0,9.0,12.0,25.0,25.0,67.0,15.0,39.0,98.0,1,4,1,5.22,5.0,0,95.6,31.1,44.0,115.0
107,6,20.0,8.0,12.0,25.0,25.0,61.0,15.0,46.0,100.0,1,4,1,5.22,5.0,0,98.4,27.0,62.0,104.0
108,6,23.0,8.0,12.0,25.0,25.0,61.0,15.0,47.0,95.0,1,4,1,5.22,5.0,0,99.7,30.0,75.0,96.0
110,6,23.0,8.0,12.0,20.0,20.0,60.0,15.0,47.0,95.0,1,4,1,5.22,5.0,0,100.3,30.4,50.0,96.0
112,6,21.0,7.0,12.0,25.0,25.0,61.0,15.0,42.0,97.0,1,4,1,5.22,5.0,0,98.0,27.2,101.0,92.0
113,6,24.0,8.0,12.0,25.0,25.0,58.0,15.0,45.0,97.0,1,4,1,5.22,5.0,0,97.6,31.0,51.0,98.0
114,6,24.0,8.0,12.0,25.0,25.0,59.0,15.0,48.0,97.0,1,4,1,5.22,5.0,0,97.8,31.1,77.0,104.0
115,6,24.0,8.0,12.0,25.0,25.0,62.0,15.0,41.0,95.0,1,4,1,5.22,5.0,0,98.1,31.0,80.0,98.0
116,6,24.0,8.0,12.0,25.0,25.0,61.0,15.0,42.0,94.0,1,4,1,5.22,5.0,0,99.3,30.8,76.0,117.0
117,6,24.0,8.0,12.0,25.0,25.0,67.0,15.0,43.0,90.0,1,4,1,5.22,5.0,0,101.8,30.9,98.0,108.0
118,6,24.0,8.0,12.0,25.0,25.0,69.0,15.0,43.0,91.0,1,4,1,5.22,5.0,0,102.2,31.0,57.0,131.0
119,6,24.0,8.0,12.0,25.0,25.0,61.0,15.0,41.0,95.0,1,4,1,5.22,5.0,0,100.9,31.0,64.0,116.0
120,6,24.0,8.0,12.0,25.0,25.0,61.0,15.0,41.0,93.0,1,4,1,5.22,5.0,0,100.74,30.9,45.0,111.0
121,6,24.0,8.0,12.0,25.0,25.0,55.0,15.0,42.0,94.0,1,4,1,5.22,5.0,0,99.9,31.4,66.0,108.0
122,6,24.0,8.0,12.0,25.0,25.0,54.0,15.0,41.0,95.0,1,4,1,5.22,5.0,0,100.0,31.1,63.0,107.0
123,6,24.0,8.0,12.0,25.0,25.0,64.0,15.0,41.0,94.0,1,4,1,5.22,5.0,0,101.1,30.9,40.0,105.0
124,6,24.0,8.0,12.0,25.0,25.0,61.0,15.0,34.0,96.0,1,4,1,5.22,5.0,0,97.5,30.7,36.0,98.0
125,6,24.0,8.0,12.0,25.0,25.0,64.0,15.0,32.0,93.0,1,4,1,5.22,5.0,0,98.1,30.8,47.0,105.0
126,6,24.0,8.0,12.0,25.0,25.0,62.0,15.0,38.0,92.0,1,4,1,5.22,5.0,0,98.8,30.8,39.0,96.0
127,6,24.0,8.0,12.0,25.0,25.0,59.0,15.0,36.0,95.0,1,4,1,5.22,5.0,0,96.4,30.8,51.0,100.0
128,6,24.0,8.0,12.0,49.0,25.0,58.0,15.0,36.0,90.0,1,4,1,5.22,5.0,0,68.1,32.3,46.0,100.0
129,6,24.0,8.0,12.0,49.0,25.0,69.0,15.0,31.0,96.0,1,4,1,5.22,5.0,0,99.7,33.0,47.0,95.0
130,6,24.0,8.0,12.0,25.0,25.0,66.0,15.0,29.0,99.0,1,4,1,5.22,5.0,0,99.9,31.0,40.0,93.0
131,6,24.0,8.0,12.0,25.0,25.0,72.0,15.0,31.0,93.0,1,4,1,5.22,5.0,0,98.6,32.7,41.0,97.0
132,6,24.0,8.0,12.0,25.0,25.0,57.0,15.0,32.0,95.0,1,4,1,5.22,5.0,0,99.3,31.2,43.0,90.0
133,6,24.0,8.0,12.0,25.0,25.0,61.0,15.0,29.0,82.0,1,4,1,5.22,5.0,0,96.4,30.9,44.0,105.0
134,6,24.0,8.0,12.0,25.0,25.0,52.0,15.0,33.0,98.0,1,4,1,5.22,5.0,0,98.0,30.9,37.0,95.0
135,6,24.0,8.0,12.0,25.0,25.0,54.0,15.0,35.0,95.0,1,4,1,5.22,5.0,0,101.0,30.7,50.0,95.0
136,6,24.0,9.0,12.0,25.0,25.0,51.0,15.0,37.0,92.0,1,4,1,5.22,5.0,0,101.8,32.0,47.0,90.0
137,6,29.0,9.0,12.0,25.0,25.0,56.0,15.0,34.0,94.0,1,4,1,5.22,5.0,0,99.7,37.2,40.0,88.0
138,6,28.0,9.0,12.0,25.0,25.0,54.0,15.0,33.0,97.0,1,4,1,5.22,5.0,0,99.0,36.4,34.0,81.0
139,6,26.0,9.0,12.0,25.0,25.0,51.0,15.0,33.0,96.0,1,4,1,5.22,5.0,0,98.6,34.2,33.0,87.0
140,6,25.0,9.0,12.0,25.0,25.0,54.0,15.0,35.0,96.0,1,4,1,5.22,5.0,0,98.8,33.3,33.0,81.0
141,6,25.0,9.0,12.0,25.0,25.0,59.0,15.0,36.0,94.0,1,4,1,5.22,5.0,0,101.1,33.3,35.0,79.0
143,6,25.0,9.0,12.0,25.0,25.0,65.0,15.0,35.0,95.0,1,4,1,5.22,5.0,0,101.7,32.9,45.0,96.0
145,6,25.0,9.0,12.0,25.0,25.0,58.0,15.0,34.0,96.0,1,4,1,5.22,5.0,0,100.0,33.1,39.0,102.0
146,6,25.0,9.0,12.0,25.0,25.0,57.0,15.0,32.0,97.0,1,4,1,5.22,5.0,0,98.8,33.5,32.0,82.0
147,6,25.0,9.0,12.0,25.0,25.0,60.0,15.0,31.0,91.0,1,4,1,5.22,5.0,0,98.8,33.2,37.0,76.0
148,6,25.0,8.0,12.0,25.0,25.0,62.0,15.0,31.0,89.0,1,4,1,5.22,5.0,0,99.5,32.0,36.0,84.0
149,6,25.0,9.0,12.0,25.0,25.0,55.0,15.0,35.0,92.0,1,4,1,5.22,5.0,0,100.8,33.2,49.0,87.0
150,6,25.0,9.0,12.0,25.0,25.0,63.0,15.0,32.0,85.0,1,4,1,5.22,5.0,0,101.5,32.2,31.0,61.0
151,6,25.0,8.0,12.0,25.0,25.0,54.0,15.0,34.0,95.0,1,4,1,5.22,5.0,0,101.5,32.4,38.0,90.0
152,6,25.0,8.0,12.0,25.0,25.0,52.0,15.0,36.0,91.0,1,4,1,5.22,5.0,0,101.1,32.4,39.0,89.0
153,6,25.0,8.0,12.0,25.0,25.0,60.0,15.0,32.0,96.0,1,4,1,5.22,5.0,0,100.8,31.0,38.0,92.0
308,3,25.0,7.0,12.0,36.0,25.0,244.0,15.0,36.0,89.0,1,5,1,28.4,9.0,0,103.8,21.4,175.0,55.0
309,3,18.0,7.0,12.0,22.0,15.0,369.0,15.0,39.0,93.0,1,5,1,28.4,9.0,0,103.8,28.41,134.0,58.0
310,3,18.0,7.0,12.0,15.0,15.0,376.0,15.0,40.0,93.0,1,5,1,28.4,9.0,0,102.9,28.6,133.0,45.0
311,3,18.0,7.0,12.0,16.0,15.0,402.0,15.0,41.0,97.0,1,5,1,28.4,9.0,0,104.0,29.6,149.0,61.0
312,3,18.0,7.0,12.0,17.0,15.0,425.0,15.0,39.0,97.0,1,5,1,28.4,9.0,0,103.6,29.8,144.0,61.0
313,3,18.0,7.0,12.0,16.0,15.0,439.0,15.0,39.0,97.0,1,5,1,28.4,9.0,0,103.5,29.7,146.0,67.0
314,3,18.0,7.0,12.0,15.0,15.0,443.0,15.0,39.0,97.0,1,5,1,28.4,9.0,0,103.1,29.7,142.0,61.0
315,3,18.0,7.0,12.0,18.0,15.0,435.0,15.0,37.0,96.0,1,5,1,28.4,9.0,0,102.9,30.0,139.0,67.0
316,3,18.0,7.0,12.0,15.0,15.0,428.0,15.0,37.0,95.0,1,5,1,28.4,9.0,0,102.7,29.9,138.0,87.0
317,3,18.0,7.0,12.0,15.0,15.0,410.0,15.0,36.0,96.0,1,5,1,28.4,9.0,0,102.6,28.0,145.0,77.0
318,3,18.0,7.0,12.0,15.0,15.0,405.0,15.0,32.0,9.0,1,5,1,28.4,9.0,0,102.2,28.0,144.0,92.0
319,3,18.0,7.0,12.0,15.0,15.0,400.0,15.0,34.0,94.0,1,5,1,28.4,9.0,0,102.0,27.7,149.0,122.0
320,3,18.0,7.0,12.0,15.0,15.0,398.0,15.0,35.0,94.0,1,5,1,28.4,9.0,0,102.0,28.3,150.0,109.0
321,3,18.0,7.0,12.0,15.0,15.0,394.0,15.0,35.0,94.0,1,5,1,28.4,9.0,0,102.2,27.7,157.0,97.0
322,3,18.0,7.0,12.0,15.0,15.0,396.0,15.0,35.0,93.0,1,5,1,28.4,9.0,0,102.2,27.9,146.0,77.0
323,3,18.0,7.0,12.0,15.0,15.0,418.0,15.0,30.0,92.0,1,5,1,28.4,9.0,0,100.2,28.3,135.0,74.0
324,3,18.0,7.0,12.0,10.0,15.0,372.0,15.0,33.0,85.0,1,5,1,28.4,9.0,0,100.4,25.1,136.0,112.0
325,3,18.0,7.0,12.0,16.0,15.0,378.0,15.0,33.0,84.0,1,5,1,28.4,9.0,0,100.5,27.4,136.0,105.0
327,3,18.0,7.0,12.0,16.0,15.0,386.0,15.0,31.0,89.0,1,5,1,28.4,9.0,0,100.5,27.8,141.0,104.0
328,3,20.0,7.0,12.0,12.0,12.0,447.0,15.0,28.0,87.0,1,5,1,28.4,9.0,0,100.4,30.5,113.0,84.0
329,3,16.0,7.0,12.0,16.0,15.0,383.0,15.0,31.0,85.0,1,5,1,28.4,9.0,0,100.4,25.3,137.0,95.0
330,3,16.0,12.0,12.0,15.0,15.0,357.0,15.0,31.0,88.0,1,5,1,28.4,9.0,0,100.4,25.3,133.0,91.0
331,3,16.0,9.0,12.0,16.0,15.0,244.0,15.0,36.0,83.0,1,5,1,28.4,9.0,0,100.2,29.9,146.0,92.0
332,3,20.0,7.0,12.0,15.0,15.0,397.0,15.0,30.0,86.0,1,5,1,28.4,9.0,0,100.2,32.7,110.0,88.0
333,3,17.0,7.0,12.0,21.0,15.0,312.0,15.0,23.0,87.0,1,5,1,28.4,9.0,0,100.2,28.0,108.0,57.0
334,3,17.0,7.0,12.0,15.0,12.0,428.0,15.0,22.0,83.0,1,5,1,28.4,9.0,0,100.0,30.8,115.0,54.0
338,6,8.0,3.0,11.9,20.0,20.0,82.0,15.0,40.0,99.0,1,9,0,5.9,9.0,0,94.3,11.9,82.0,90.0
339,6,8.0,3.0,11.8,20.0,20.0,84.0,15.0,41.0,99.0,1,9,0,5.9,9.0,0,95.4,11.8,79.0,72.0
340,6,8.0,3.0,11.7,20.0,20.0,79.0,15.0,40.0,100.0,1,9,0,5.9,9.0,0,96.8,11.7,82.0,96.0
341,6,8.0,3.0,11.7,20.0,20.0,74.0,15.0,42.0,100.0,1,9,0,5.9,9.0,0,98.1,11.7,65.0,97.0
342,6,8.0,3.0,11.9,20.0,20.0,78.0,15.0,41.0,100.0,1,9,0,5.9,9.0,0,99.3,11.9,97.0,100.0
343,6,8.0,3.0,11.8,20.0,20.0,73.0,15.0,43.0,100.0,1,9,0,5.9,9.0,0,99.9,11.8,65.0,101.0
344,6,8.0,3.0,11.8,20.0,20.0,75.0,15.0,39.0,100.0,1,9,0,5.9,9.0,0,101.1,11.8,69.0,97.0
345,6,8.0,3.0,11.7,18.0,18.0,86.0,15.0,37.0,99.0,1,9,0,5.9,9.0,0,101.3,11.7,79.0,112.0
346,6,8.0,3.0,11.9,16.0,16.0,86.0,15.0,43.0,98.0,1,9,0,5.9,9.0,0,102.4,11.5,83.0,106.0
347,6,8.0,3.0,11.7,16.0,16.0,85.0,15.0,42.0,97.0,1,9,0,5.9,9.0,0,102.6,11.7,89.0,117.0
349,6,8.0,3.0,12.8,24.0,16.0,101.0,15.0,46.0,99.0,1,9,0,5.9,9.0,0,102.6,12.8,119.0,123.0
350,6,8.0,3.0,11.7,16.0,16.0,86.0,15.0,43.0,99.0,1,9,0,5.9,9.0,0,102.4,11.7,76.0,110.0
351,6,8.0,3.0,11.5,15.0,16.0,79.0,15.0,42.0,97.0,1,9,0,5.9,9.0,0,101.7,11.5,72.0,126.0
352,6,8.0,3.0,12.0,16.0,16.0,82.0,10.0,41.0,100.0,1,9,0,5.9,9.0,0,101.7,12.0,65.0,103.0
353,6,8.0,3.0,11.3,10.0,10.0,71.0,15.0,44.0,100.0,1,9,0,5.9,9.0,0,100.8,11.3,63.0,123.0
354,6,8.0,3.0,11.6,11.0,10.0,76.0,15.0,41.0,100.0,1,9,0,5.9,9.0,0,100.6,11.6,70.0,131.0
356,6,8.0,3.0,10.4,11.0,4.0,85.0,15.0,44.0,99.0,1,9,0,5.9,9.0,0,100.8,10.4,83.0,136.0
357,6,8.0,3.0,10.3,10.0,4.0,61.0,15.0,43.0,100.0,1,9,0,5.9,9.0,0,100.9,10.3,65.0,118.0
359,6,7.0,2.0,10.4,12.0,4.0,74.0,8.0,45.0,100.0,1,9,0,5.9,9.0,0,100.8,10.4,51.0,119.0
360,6,7.0,2.0,8.1,16.0,12.0,72.0,15.0,45.0,99.0,1,9,0,5.9,9.0,0,100.6,8.1,63.0,136.0
361,6,7.0,2.0,8.5,20.0,7.0,44.0,15.0,39.0,98.0,1,9,0,5.9,9.0,0,100.2,8.5,75.0,127.0
362,6,5.0,1.0,7.5,25.0,5.0,99.0,15.0,45.0,99.0,1,9,0,5.9,9.0,0,100.4,7.5,77.0,134.0
369,2,16.0,5.0,12.0,15.0,15.0,509.0,15.0,39.0,99.0,1,7,1,100.0,3.0,0,96.3,26.0,49.0,122.0
370,2,16.0,3.0,12.0,15.0,15.0,563.0,15.0,36.0,98.0,1,7,1,100.0,3.0,0,96.6,16.0,50.0,145.0
371,2,16.0,3.0,12.0,15.0,15.0,563.0,15.0,38.0,99.0,1,7,1,100.0,3.0,0,97.2,16.4,51.0,132.0
372,2,16.0,3.0,10.0,13.0,13.0,97.0,48.0,44.0,98.0,1,7,1,100.0,3.0,0,97.9,15.7,50.0,148.0
373,2,16.0,3.0,10.0,13.0,13.0,510.0,15.0,44.0,98.0,1,7,1,100.0,3.0,0,98.2,16.4,52.0,151.0
374,2,16.0,3.0,10.0,13.0,13.0,512.0,15.0,46.0,99.0,1,7,1,100.0,3.0,0,98.4,16.3,52.0,152.0
375,2,16.0,3.0,10.0,13.0,13.0,513.0,15.0,46.0,99.0,1,7,1,100.0,3.0,0,98.6,16.8,51.0,146.0
376,2,16.0,3.0,10.0,13.0,13.0,510.0,43.0,48.0,98.0,1,7,1,100.0,3.0,0,98.6,16.9,52.0,141.0
377,2,16.0,3.0,10.0,17.0,13.0,507.0,50.0,46.0,99.0,1,7,1,100.0,3.0,0,97.0,0.0,45.0,144.0
379,2,16.0,3.0,8.0,18.0,13.0,505.0,15.0,43.0,95.0,1,7,1,100.0,3.0,0,97.7,11.9,47.0,145.0
380,2,16.0,3.0,8.0,18.0,12.0,360.0,44.0,44.0,96.0,1,7,1,100.0,3.0,0,97.9,15.3,49.0,149.0
381,2,16.0,3.0,7.0,17.0,10.0,326.0,15.0,50.0,95.0,1,7,1,100.0,3.0,0,98.4,16.8,53.0,142.0
392,6,16.0,3.0,6.0,43.0,10.0,211.0,15.0,37.0,97.0,1,11,1,21.5,5.0,0,102.0,8.5,123.0,101.0
393,7,16.0,3.0,6.0,53.0,10.0,217.0,15.0,45.0,95.0,1,11,1,21.5,5.0,0,102.2,11.5,120.0,103.0
394,7,16.0,3.0,6.0,34.0,10.0,240.0,15.0,39.0,96.0,1,11,1,21.5,5.0,0,102.6,11.5,123.0,105.0
395,6,16.0,3.0,6.0,28.0,10.0,202.0,37.0,45.0,96.0,1,11,1,21.5,5.0,0,102.9,11.4,117.0,99.0
396,6,16.0,3.0,6.0,18.0,10.0,212.0,44.0,43.0,96.0,1,11,1,21.5,5.0,0,102.6,10.0,129.0,110.0
397,6,16.0,3.0,6.0,46.0,10.0,208.0,30.0,3.0,96.0,1,11,1,21.5,5.0,0,102.0,11.8,133.0,118.0
398,6,16.0,3.0,6.0,34.0,10.0,173.0,28.0,31.0,96.0,1,11,1,21.5,5.0,0,101.5,11.0,127.0,105.0
399,6,16.0,3.0,6.0,15.0,10.0,275.0,53.0,41.0,97.0,1,11,1,21.5,5.0,0,101.1,10.3,125.0,107.0
400,6,16.0,3.0,6.0,14.0,10.0,203.0,15.0,44.0,97.0,1,11,1,21.5,5.0,0,101.1,11.4,128.0,114.0
401,6,16.0,3.0,6.0,33.0,10.0,220.0,31.0,34.0,97.0,1,11,1,21.5,5.0,0,101.1,11.0,130.0,108.0
402,6,16.0,3.0,6.0,14.0,10.0,204.0,15.0,42.0,97.0,1,11,1,21.5,5.0,0,101.3,11.7,123.0,110.0
403,6,16.0,3.0,4.0,23.0,12.0,206.0,15.0,42.0,98.0,1,11,1,21.5,5.0,0,102.6,9.2,118.0,104.0
404,6,16.0,3.0,4.0,30.0,12.0,219.0,15.0,41.0,96.0,1,11,1,21.5,5.0,0,102.4,9.5,119.0,109.0
405,6,16.0,3.0,4.0,31.0,12.0,217.0,15.0,45.0,98.0,1,11,1,21.5,5.0,0,102.6,9.6,121.0,165.0
406,6,16.0,5.0,4.0,31.0,12.0,216.0,15.0,46.0,96.0,1,11,1,21.5,5.0,0,102.7,11.5,114.0,103.0
407,6,16.0,4.0,4.0,37.0,12.0,222.0,15.0,46.0,96.0,1,11,1,21.5,5.0,0,102.9,11.9,110.0,103.0
408,6,7.0,3.0,6.0,39.0,12.0,237.0,15.0,50.0,96.0,1,11,1,21.5,5.0,0,102.9,11.5,108.0,107.0
409,6,7.0,3.0,6.0,27.0,12.0,263.0,15.0,41.0,96.0,1,11,1,21.5,5.0,0,102.7,11.5,110.0,106.0
411,6,7.0,3.0,6.0,27.0,17.0,227.0,15.0,39.0,97.0,1,11,1,21.5,5.0,0,102.8,12.3,108.0,102.0
412,6,7.0,3.0,6.0,33.0,12.0,250.0,28.0,42.0,97.0,1,11,1,21.5,5.0,0,103.1,12.3,105.0,99.0
413,6,7.0,3.0,8.0,30.0,4.0,238.0,23.0,39.0,96.0,1,11,1,21.5,5.0,0,102.7,12.6,106.0,101.0
414,6,7.0,3.0,8.0,25.0,4.0,290.0,15.0,40.0,98.0,1,11,1,21.5,5.0,0,102.6,12.5,102.0,91.0
415,6,7.0,3.0,7.0,20.0,4.0,251.0,15.0,37.0,99.0,1,11,1,21.5,5.0,0,102.4,12.6,100.0,99.0
416,6,7.0,3.0,7.0,24.0,4.0,115.0,15.0,48.0,95.0,1,11,1,21.5,5.0,0,102.0,12.5,103.0,109.0
417,6,7.0,3.0,7.0,26.0,4.0,115.0,15.0,48.0,95.0,1,11,1,21.5,5.0,0,102.2,12.5,115.0,108.0
418,6,7.0,3.0,7.0,22.0,4.0,299.0,15.0,40.0,97.0,1,11,1,21.5,5.0,0,102.4,11.2,102.0,101.0
419,6,7.0,3.0,8.0,30.0,4.0,214.0,24.0,49.0,97.0,1,11,1,21.5,5.0,0,102.7,13.0,102.0,101.0
420,6,7.0,3.0,8.0,40.0,4.0,201.0,15.0,54.0,95.0,1,11,1,21.5,5.0,0,103.1,12.7,110.0,93.0
421,6,7.0,3.0,8.0,30.0,4.0,265.0,34.0,43.0,95.0,1,11,1,21.5,5.0,0,103.3,12.4,102.0,100.0
422,6,7.0,3.0,8.0,23.0,4.0,243.0,31.0,47.0,94.0,1,11,1,21.5,5.0,0,102.9,12.5,99.0,92.0
423,6,7.0,3.0,8.0,28.0,4.0,235.0,30.0,43.0,94.0,1,11,1,21.5,5.0,0,102.7,12.9,99.0,92.0
424,6,7.0,3.0,8.0,23.0,4.0,214.0,15.0,43.0,95.0,1,11,1,21.5,5.0,0,101.58,12.3,94.0,97.0
425,6,7.0,3.0,8.0,27.0,4.0,244.0,15.0,44.0,95.0,1,11,1,21.5,5.0,0,101.7,12.6,96.0,99.0
426,6,7.0,3.0,8.0,29.0,4.0,240.0,15.0,44.0,96.0,1,11,1,21.5,5.0,0,101.7,12.3,94.0,97.0
427,6,7.0,3.0,8.0,37.0,4.0,213.0,15.0,48.0,95.0,1,11,1,21.5,5.0,0,101.7,12.4,92.0,94.0
428,6,7.0,3.0,8.0,48.0,4.0,215.0,15.0,49.0,95.0,1,11,1,21.5,5.0,0,101.7,12.4,94.0,87.0
429,6,7.0,3.0,8.0,31.0,4.0,208.0,15.0,45.0,96.0,1,11,1,21.5,5.0,0,101.8,13.5,93.0,93.0
430,6,7.0,3.0,8.0,33.0,4.0,2485.0,15.0,46.0,96.0,1,11,1,21.5,5.0,0,101.8,13.7,91.0,87.0
431,6,7.0,3.0,8.0,25.0,4.0,248.0,15.0,43.0,97.0,1,11,1,21.5,5.0,0,102.2,12.5,94.0,102.0
432,6,7.0,3.0,8.0,44.0,4.0,223.0,15.0,52.0,95.0,1,11,1,21.5,5.0,0,102.6,12.3,114.0,107.0
433,6,7.0,3.0,8.0,53.0,4.0,219.0,15.0,53.0,94.0,1,11,1,21.5,5.0,0,102.9,12.7,11.0,102.0
435,6,7.0,4.0,8.0,38.0,4.0,218.0,15.0,45.0,96.0,1,11,1,21.5,5.0,0,103.1,16.2,105.0,105.0
436,6,7.0,3.0,8.0,33.0,4.0,240.0,15.0,44.0,95.0,1,11,1,21.5,5.0,0,103.5,14.1,102.0,111.0
437,6,7.0,3.0,8.0,32.0,4.0,212.0,15.0,49.0,95.0,1,11,1,21.5,5.0,0,103.5,12.2,103.0,100.0
438,6,7.0,3.0,8.0,26.0,4.0,272.0,15.0,46.0,95.0,1,11,1,21.5,5.0,0,103.5,12.4,100.0,104.0
439,6,7.0,3.0,8.0,21.0,4.0,269.0,15.0,47.0,95.0,1,11,1,21.5,5.0,0,103.1,12.4,99.0,106.0
440,6,7.0,3.0,8.0,47.0,4.0,227.0,15.0,50.0,94.0,1,11,1,21.5,5.0,0,102.7,12.6,99.0,104.0
441,6,7.0,3.0,8.0,45.0,4.0,212.0,15.0,52.0,94.0,1,11,1,21.5,5.0,0,102.4,13.0,101.0,104.0
442,6,7.0,3.0,8.0,40.0,4.0,199.0,15.0,53.0,94.0,1,11,1,21.5,5.0,0,102.6,13.1,105.0,104.0
483,6,16.0,5.0,7.0,18.0,18.0,149.0,15.0,59.0,97.0,1,0,0,14.8,7.0,0,103.1,20.0,84.0,153.0
484,6,16.0,5.0,7.0,18.0,18.0,141.0,15.0,63.0,98.0,1,0,0,14.8,7.0,0,102.2,20.8,73.0,177.0
485,6,16.0,5.0,7.0,85.0,18.0,53.0,15.0,83.0,94.0,1,0,0,14.8,7.0,0,102.2,14.3,100.0,205.0
487,6,18.0,5.0,7.0,20.0,20.0,163.0,15.0,50.0,98.0,1,0,0,14.8,7.0,0,101.5,22.8,70.0,158.0
492,6,15.0,6.0,7.0,19.0,19.0,120.0,10.5,47.0,99.0,1,0,0,14.8,7.0,0,100.8,20.6,65.0,130.0
493,6,16.0,6.0,7.0,20.0,20.0,103.0,8.25,56.0,98.0,1,0,0,14.8,7.0,0,101.1,21.6,70.0,140.0
494,6,15.0,6.0,7.0,20.0,20.0,205.0,17.4,44.0,99.0,1,0,0,14.8,7.0,0,102.0,21.1,94.0,169.0
495,6,15.0,6.0,7.0,19.0,19.0,154.0,13.7,51.0,96.0,1,0,0,14.8,7.0,0,101.8,21.0,81.0,167.0
496,6,13.0,5.0,7.0,20.0,20.0,136.0,13.7,58.0,97.0,1,0,0,14.8,7.0,0,101.8,17.7,76.0,180.0
497,6,13.0,5.0,7.0,20.0,20.0,145.0,15.0,59.0,97.0,1,0,0,14.8,7.0,0,101.5,18.0,79.0,172.0
499,6,20.0,8.0,6.0,26.0,26.0,97.0,15.0,40.0,97.0,0,2,0,4.22,12.0,0,93.6,30.9,105.0,112.0
501,6,20.0,8.0,6.0,30.0,30.0,97.0,15.0,34.0,97.0,0,2,0,4.22,12.0,0,94.3,30.2,67.0,130.0
502,6,20.0,8.0,6.0,30.0,30.0,97.0,15.0,31.0,100.0,0,2,0,4.22,12.0,0,94.8,30.2,166.0,155.0
503,6,20.0,8.0,6.0,26.0,26.0,97.0,15.0,27.0,97.0,0,2,0,4.22,12.0,0,95.0,30.5,148.0,160.0
504,6,20.0,8.0,6.0,26.0,26.0,97.0,15.0,28.0,97.0,0,2,0,4.22,12.0,0,95.7,30.5,139.0,105.0
505,6,10.0,7.0,6.0,42.0,20.0,97.0,15.0,40.0,97.0,0,2,0,4.22,12.0,0,99.1,15.6,118.0,120.0
506,6,11.0,7.0,6.0,20.0,20.0,57.0,15.0,43.0,97.0,0,2,0,4.22,12.0,0,99.3,14.9,147.0,120.0
507,6,10.0,7.0,6.0,32.0,20.0,55.0,15.0,39.0,100.0,0,2,0,4.22,12.0,0,101.5,15.1,122.0,118.0
508,6,10.0,7.0,6.0,42.0,20.0,61.0,15.0,43.0,99.0,0,2,0,4.22,12.0,0,101.7,15.5,154.0,118.0
509,6,9.0,6.0,6.0,33.0,20.0,42.0,15.0,43.0,99.0,0,2,0,4.22,12.0,0,101.5,16.8,127.0,118.0
510,6,9.0,6.0,6.0,38.0,24.0,54.0,15.0,47.0,98.0,0,2,0,4.22,12.0,0,100.8,13.9,84.0,120.0
511,6,9.0,6.0,6.0,46.0,20.0,97.0,15.0,37.0,97.0,0,2,0,4.22,12.0,0,100.2,14.5,73.0,140.0
512,6,9.0,6.0,6.0,47.0,20.0,97.0,15.0,39.0,95.0,0,2,0,4.22,12.0,0,100.4,14.5,100.0,140.0
514,6,9.0,6.0,6.0,42.0,20.0,97.0,15.0,50.0,95.0,0,2,0,4.22,12.0,0,100.4,17.1,70.0,105.0
519,6,10.0,5.0,6.0,31.0,31.0,59.0,15.0,62.0,95.0,0,2,0,4.22,12.0,0,101.8,15.1,65.0,112.0
520,6,12.0,6.0,6.0,31.0,31.0,77.0,10.5,49.0,95.0,0,2,0,4.22,12.0,0,101.7,17.5,70.0,105.0
523,6,15.0,7.0,7.0,22.0,22.0,62.0,15.0,56.0,97.0,1,13,0,5.6,12.0,0,98.2,15.0,120.0,75.0
526,6,16.0,7.0,7.0,22.0,22.0,67.0,15.0,47.0,97.0,1,13,0,5.6,12.0,0,97.9,22.4,120.0,80.0
527,6,16.0,7.0,7.0,22.0,22.0,70.0,15.0,49.0,97.0,1,13,0,5.6,12.0,0,100.2,22.8,120.0,80.0
529,6,17.0,7.0,7.0,23.0,23.0,72.0,15.0,47.0,95.0,1,13,0,5.6,12.0,0,101.3,24.0,120.0,80.0
530,6,17.0,7.0,7.0,23.0,23.0,71.0,15.0,44.0,96.0,1,13,0,5.6,12.0,0,99.5,24.2,120.0,92.0
531,6,17.0,7.0,7.0,23.0,23.0,76.0,15.0,36.0,94.0,1,13,0,5.6,12.0,0,99.1,24.1,120.0,90.0
532,6,16.0,7.0,7.0,20.0,20.0,69.0,15.0,42.0,96.0,1,13,0,5.6,12.0,0,99.1,23.2,120.0,84.0
533,6,15.0,7.0,7.0,20.0,20.0,64.0,15.0,49.0,98.0,1,13,0,5.6,12.0,0,100.6,22.2,120.0,84.0
534,6,15.0,7.0,7.0,24.0,24.0,72.0,15.0,45.0,98.0,1,13,0,5.6,12.0,0,101.7,22.2,120.0,94.0
535,6,14.0,6.0,7.0,23.0,23.0,71.0,15.0,44.0,100.0,1,13,0,5.6,12.0,0,101.5,21.3,120.0,90.0
536,6,14.0,5.0,7.0,23.0,23.0,68.0,15.0,45.0,99.0,1,13,0,5.6,12.0,0,99.3,19.1,120.0,110.0
538,6,13.0,5.0,7.0,24.0,24.0,66.0,15.0,47.0,99.0,1,13,0,5.6,12.0,0,98.8,19.0,120.0,82.0
539,6,13.0,5.0,7.0,24.0,24.0,59.0,15.0,37.0,93.0,1,13,0,5.6,12.0,0,97.5,17.6,120.0,100.0
540,6,12.0,5.0,9.0,24.0,24.0,63.0,15.0,39.0,99.0,1,13,0,5.6,12.0,0,98.1,18.8,120.0,90.0
541,6,13.0,5.0,9.0,24.0,24.0,60.0,15.0,39.0,94.0,1,13,0,5.6,12.0,0,97.9,16.9,120.0,88.0
542,6,13.0,5.0,9.0,24.0,24.0,60.0,15.0,43.0,94.0,1,13,0,5.6,12.0,0,98.8,17.7,120.0,100.0
546,6,14.0,5.0,9.0,24.0,24.0,80.0,15.0,35.0,96.0,1,13,0,5.6,12.0,0,96.6,19.4,120.0,110.0
547,6,14.0,6.0,9.0,24.0,24.0,66.0,15.0,41.0,97.0,1,13,0,5.6,12.0,0,96.4,20.6,120.0,108.0
549,6,13.0,6.0,9.0,24.0,24.0,67.0,15.0,45.0,98.0,1,13,0,5.6,12.0,0,99.1,18.7,120.0,94.0
552,6,12.0,5.0,9.0,24.0,24.0,60.0,15.0,46.0,98.0,1,13,0,5.6,12.0,0,99.3,16.7,120.0,110.0
553,6,12.0,5.0,9.0,24.0,24.0,67.0,15.0,46.0,100.0,1,13,0,5.6,12.0,0,99.5,16.9,120.0,114.0
573,6,12.0,4.0,7.0,19.0,18.0,62.0,6.84,39.0,99.0,1,13,0,5.6,12.0,0,98.6,15.2,120.0,110.0
574,6,10.0,3.0,7.0,18.0,18.0,35.0,15.0,47.0,97.0,1,13,0,5.6,12.0,0,99.1,12.4,120.0,100.0
576,6,10.0,3.0,7.0,14.0,10.0,51.0,6.74,47.0,95.0,1,13,0,5.6,12.0,0,99.7,12.9,120.0,110.0
577,6,10.0,3.0,9.0,44.0,6.0,34.0,15.0,42.0,98.0,1,13,0,5.6,12.0,0,99.5,11.9,120.0,150.0
589,1,11.0,7.0,6.0,17.0,17.0,49.0,15.0,98.0,49.0,1,3,0,8.2,6.0,0,95.2,17.2,110.0,110.0
590,1,13.0,7.0,6.0,22.0,20.0,72.0,15.0,90.0,64.0,1,3,0,8.2,6.0,0,94.8,19.5,91.0,140.0
591,1,13.0,7.0,6.0,51.0,20.0,47.0,15.0,99.0,47.0,1,3,0,8.2,6.0,0,95.0,15.5,110.0,85.0
592,1,13.0,7.0,6.0,19.0,20.0,96.0,15.0,99.0,42.0,1,3,0,8.2,6.0,0,95.0,19.2,90.0,90.0
593,1,13.0,7.0,6.0,20.0,20.0,103.0,15.0,99.0,41.0,1,3,0,8.2,6.0,0,95.5,19.1,110.0,90.0
594,1,13.0,7.0,6.0,26.0,22.0,52.0,15.0,98.0,40.0,1,3,0,8.2,6.0,0,95.9,20.0,110.0,85.0
595,1,13.0,9.0,6.0,67.0,23.0,89.0,15.0,93.0,62.0,1,3,0,8.2,6.0,0,97.2,21.2,76.0,120.0
596,1,13.0,9.0,6.0,56.0,23.0,37.0,15.0,78.0,35.0,1,3,0,8.2,6.0,0,97.2,22.1,93.0,18.0
597,1,13.0,7.0,6.0,40.0,23.0,64.0,15.0,90.0,58.0,1,3,0,8.2,6.0,0,97.7,15.0,85.0,90.0
598,1,13.0,7.0,6.0,15.0,23.0,87.0,15.0,91.0,54.0,1,3,0,8.2,6.0,0,97.7,19.1,81.0,90.0
599,1,13.0,7.0,6.0,22.0,23.0,91.0,15.0,88.0,54.0,1,3,0,8.2,6.0,0,97.7,20.2,90.0,94.0
600,1,13.0,7.0,6.0,22.0,23.0,70.0,15.0,94.0,56.0,1,3,0,8.2,6.0,0,98.1,20.6,100.0,94.0
601,1,14.0,7.0,10.0,44.0,27.0,32.0,15.0,94.0,59.0,1,3,0,8.2,6.0,0,99.5,17.8,117.0,92.0
602,1,14.0,7.0,10.0,55.0,27.0,62.0,15.0,95.0,53.0,1,3,0,8.2,6.0,0,100.0,18.3,111.0,96.0
603,1,14.0,7.0,10.0,34.0,27.0,85.0,15.0,93.0,51.0,1,3,0,8.2,6.0,0,99.9,21.6,98.0,100.0
604,1,12.0,8.0,10.0,27.0,27.0,89.0,15.0,92.0,55.0,1,3,0,8.2,6.0,0,99.7,20.1,99.0,94.0
605,1,12.0,6.0,10.0,29.0,27.0,86.0,15.0,91.0,51.0,1,3,0,8.2,6.0,0,95.7,18.9,101.0,100.0
621,1,15.0,7.0,12.0,31.0,32.0,70.0,15.0,87.0,48.0,1,3,0,8.2,6.0,0,99.0,22.9,177.0,94.0
622,1,15.0,7.0,12.0,74.0,32.0,51.0,15.0,89.0,52.0,1,3,0,8.2,6.0,0,99.0,20.7,98.0,95.0
623,1,17.0,10.0,12.0,32.0,32.0,66.0,15.0,90.0,47.0,1,3,0,8.2,6.0,0,98.6,26.6,67.0,90.0
624,1,17.0,8.0,12.0,33.0,32.0,34.0,15.0,90.0,51.0,1,3,0,8.2,6.0,0,97.5,25.0,75.0,95.0
625,1,17.0,8.0,12.0,32.0,32.0,71.0,15.0,90.0,50.0,1,3,0,8.2,6.0,0,97.7,26.2,79.0,100.0
626,1,17.0,8.0,12.0,32.0,32.0,73.0,15.0,90.0,52.0,1,3,0,8.2,6.0,0,98.6,25.5,74.0,95.0
627,1,27.0,7.0,12.0,32.0,32.0,100.0,15.0,97.0,40.0,1,3,0,8.2,6.0,0,99.3,33.7,65.0,90.0
628,1,27.0,7.0,12.0,32.0,32.0,100.0,15.0,93.0,35.0,1,3,0,8.2,6.0,0,100.0,33.8,120.0,75.0
629,1,27.0,7.0,12.0,32.0,32.0,115.0,15.0,94.0,31.0,1,3,0,8.2,6.0,0,100.0,33.1,73.0,78.0
630,1,27.0,7.0,12.0,32.0,32.0,111.0,15.0,93.0,29.0,1,3,0,8.2,6.0,0,100.4,33.3,70.0,88.0
631,1,27.0,7.0,12.0,32.0,32.0,109.0,15.0,91.0,29.0,1,3,0,8.2,6.0,0,100.4,33.6,72.0,85.0
632,1,27.0,7.0,12.0,32.0,32.0,134.0,15.0,89.0,31.0,1,3,0,8.2,6.0,0,100.4,33.0,72.0,86.0
633,1,27.0,7.0,12.0,32.0,32.0,107.0,15.0,93.0,95.0,1,3,0,8.2,6.0,0,101.5,33.7,74.0,90.0
634,1,27.0,7.0,12.0,33.0,32.0,97.0,15.0,97.0,32.0,1,3,0,8.2,6.0,0,101.7,33.9,72.0,90.0
635,1,27.0,7.0,12.0,34.0,32.0,104.0,15.0,97.0,30.0,1,3,0,8.2,6.0,0,101.1,34.3,68.0,90.0
642,1,26.0,7.0,12.0,32.0,32.0,95.0,15.0,99.0,30.0,1,3,0,8.2,6.0,0,100.2,32.5,70.0,76.0
643,1,26.0,7.0,12.0,34.0,32.0,101.0,15.0,98.0,30.0,1,3,0,8.2,6.0,0,100.0,33.2,62.0,79.0
644,1,27.0,7.0,12.0,30.0,30.0,97.0,15.0,98.0,31.0,1,3,0,8.2,6.0,0,100.0,32.6,69.0,64.0
645,1,26.0,6.0,12.0,30.0,30.0,104.0,15.0,97.0,30.0,1,3,0,8.2,6.0,0,100.0,31.4,75.0,61.0
646,1,26.0,6.0,12.0,30.0,30.0,102.0,15.0,96.0,31.0,1,3,0,8.2,6.0,0,100.0,31.3,70.0,66.0
647,1,25.0,6.0,12.0,30.0,30.0,98.0,15.0,95.0,33.0,1,3,0,8.2,6.0,0,100.4,30.2,71.0,66.0
648,1,25.0,6.0,12.0,30.0,30.0,98.0,15.0,93.0,35.0,1,3,0,8.2,6.0,0,100.8,30.1,75.0,61.0
649,1,27.0,7.0,12.0,30.0,30.0,100.0,15.0,93.0,31.0,1,3,0,8.2,6.0,0,100.8,33.3,74.0,62.0
650,1,26.0,6.0,12.0,30.0,30.0,101.0,15.0,97.0,34.0,1,3,0,8.2,6.0,0,100.8,31.2,75.0,76.0
651,1,26.0,6.0,12.0,30.0,30.0,100.0,15.0,93.0,35.0,1,3,0,8.2,6.0,0,99.9,32.0,89.0,78.0
652,1,26.0,6.0,12.0,30.0,30.0,100.0,15.0,94.0,40.0,1,3,0,8.2,6.0,0,99.9,32.0,76.0,78.0
654,1,26.0,6.0,14.0,30.0,30.0,94.0,15.0,85.0,37.0,1,3,0,8.2,6.0,0,100.6,32.0,92.0,77.0
655,1,26.0,6.0,14.0,30.0,30.0,94.0,15.0,90.0,41.0,1,3,0,8.2,6.0,0,100.0,32.3,79.0,67.0
656,1,26.0,7.0,14.0,30.0,30.0,100.0,15.0,90.0,41.0,1,3,0,8.2,6.0,0,100.8,32.6,80.0,67.0
657,1,26.0,7.0,14.0,30.0,30.0,100.0,15.0,88.0,43.0,1,3,0,8.2,6.0,0,101.3,32.1,87.0,63.0
658,1,24.0,7.0,14.0,30.0,30.0,105.0,15.0,90.0,43.0,1,3,0,8.2,6.0,0,101.7,32.0,88.0,65.0
659,1,24.0,7.0,14.0,64.0,30.0,61.0,15.0,90.0,45.0,1,3,0,8.2,6.0,0,101.3,21.7,108.0,59.0
660,1,24.0,7.0,14.0,63.0,30.0,74.0,15.0,90.0,40.0,1,3,0,8.2,6.0,0,101.3,23.2,107.0,52.0
661,1,27.0,7.0,14.0,29.0,30.0,123.0,15.0,89.0,47.0,1,3,0,8.2,6.0,0,101.3,33.5,76.0,60.0
662,1,27.0,7.0,14.0,30.0,30.0,108.0,15.0,93.0,47.0,1,3,0,8.2,6.0,0,101.3,33.3,75.0,57.0
663,1,27.0,7.0,14.0,32.0,32.0,97.0,15.0,96.0,42.0,1,3,0,8.2,6.0,0,100.9,33.6,77.0,69.0
667,1,27.0,7.0,14.0,32.0,32.0,84.0,15.0,96.0,37.0,1,3,0,8.2,6.0,0,97.7,33.5,82.0,61.0
668,1,27.0,7.0,14.0,32.0,32.0,95.0,15.0,93.0,33.0,1,3,0,8.2,6.0,0,97.7,33.4,74.0,71.0
669,1,27.0,7.0,14.0,32.0,32.0,99.0,15.0,89.0,32.0,1,3,0,8.2,6.0,0,98.8,33.3,60.0,87.0
670,1,27.0,7.0,14.0,32.0,32.0,95.0,15.0,90.0,34.0,1,3,0,8.2,6.0,0,99.3,33.5,61.0,81.0
671,1,27.0,7.0,14.0,32.0,32.0,94.0,15.0,91.0,34.0,1,3,0,8.2,6.0,0,100.2,33.1,75.0,74.0
672,1,27.0,7.0,14.0,32.0,32.0,103.0,15.0,90.0,38.0,1,3,0,8.2,6.0,0,100.4,33.1,74.0,71.0
673,1,27.0,7.0,14.0,32.0,32.0,91.0,15.0,85.0,37.0,1,3,0,8.2,6.0,0,100.8,33.0,104.0,77.0
674,1,27.0,7.0,14.0,54.0,32.0,96.0,15.0,90.0,32.0,1,3,0,8.2,6.0,0,100.9,34.1,106.0,67.0
675,1,27.0,7.0,14.0,31.0,32.0,90.0,15.0,89.0,41.0,1,3,0,8.2,6.0,0,101.5,33.1,115.0,75.0
676,1,30.0,7.0,14.0,54.0,32.0,100.0,15.0,79.0,38.0,1,3,0,8.2,6.0,0,101.7,38.0,130.0,73.0
677,1,30.0,7.0,14.0,32.0,32.0,108.0,15.0,85.0,38.0,1,3,0,8.2,6.0,0,101.8,36.8,130.0,64.0
678,1,30.0,7.0,14.0,32.0,32.0,101.0,15.0,86.0,37.0,1,3,0,8.2,6.0,0,102.0,37.2,116.0,66.0
679,1,30.0,7.0,14.0,32.0,32.0,103.0,15.0,88.0,36.0,1,3,0,8.2,6.0,0,101.8,37.2,115.0,63.0
680,1,30.0,7.0,14.0,32.0,32.0,109.0,15.0,85.0,35.0,1,3,0,8.2,6.0,0,101.3,37.8,106.0,71.0
681,1,30.0,8.0,14.0,32.0,32.0,88.0,15.0,86.0,40.0,1,3,0,8.2,6.0,0,101.1,37.0,118.0,67.0
682,1,30.0,8.0,14.0,32.0,32.0,89.0,15.0,87.0,41.0,1,3,0,8.2,6.0,0,100.4,35.4,136.0,74.0
683,1,27.0,8.0,14.0,30.0,30.0,63.0,15.0,95.0,45.0,1,3,0,8.2,6.0,0,100.0,36.3,100.0,68.0
685,1,27.0,8.0,14.0,30.0,30.0,61.0,15.0,93.0,46.0,1,3,0,8.2,6.0,0,99.0,35.8,106.0,71.0
687,1,30.0,6.0,14.0,32.0,32.0,87.0,15.0,95.0,50.0,1,3,0,8.2,6.0,0,99.3,36.6,97.0,70.0
688,1,30.0,6.0,14.0,32.0,32.0,83.0,15.0,87.0,45.0,1,3,0,8.2,6.0,0,98.2,35.5,95.0,72.0
690,1,31.0,8.0,25.0,68.0,30.0,70.0,15.0,95.0,20.0,1,3,0,8.2,6.0,0,99.3,35.4,106.0,68.0
695,1,40.0,8.0,25.0,30.0,30.0,109.0,15.0,85.0,39.0,1,3,0,8.2,6.0,0,99.0,50.6,105.0,65.0
696,1,40.0,8.0,25.0,30.0,30.0,109.0,15.0,88.0,36.0,1,3,0,8.2,6.0,0,99.1,50.7,127.0,61.0
697,1,35.0,7.0,25.0,28.0,30.0,60.0,15.0,90.0,37.0,1,3,0,8.2,6.0,0,99.3,32.3,136.0,57.0
698,1,35.0,7.0,25.0,46.0,30.0,120.0,15.0,94.0,45.0,1,3,0,8.2,6.0,0,99.5,32.8,114.0,51.0
699,1,35.0,7.0,25.0,30.0,30.0,123.0,15.0,88.0,32.0,1,3,0,8.2,6.0,0,99.1,42.4,119.0,51.0
700,1,35.0,7.0,25.0,29.0,30.0,98.0,15.0,43.0,29.0,1,3,0,8.2,6.0,0,98.1,43.7,125.0,51.0
701,1,35.0,7.0,25.0,30.0,30.0,106.0,15.0,81.0,29.0,1,3,0,8.2,6.0,0,98.2,43.5,121.0,51.0
707,1,35.0,7.0,25.0,61.0,30.0,72.0,15.0,95.0,34.0,1,3,0,8.2,6.0,0,97.9,33.4,116.0,54.0
708,1,35.0,7.0,25.0,60.0,30.0,104.0,15.0,95.0,32.0,1,3,0,8.2,6.0,0,98.6,34.2,138.0,54.0
709,1,35.0,7.0,25.0,60.0,30.0,91.0,15.0,92.0,33.0,1,3,0,8.2,6.0,0,99.0,34.2,129.0,61.0
710,1,35.0,7.0,25.0,51.0,30.0,79.0,15.0,85.0,36.0,1,3,0,8.2,6.0,0,99.0,34.6,126.0,60.0
712,1,35.0,7.0,25.0,61.0,30.0,80.0,15.0,90.0,37.0,1,3,0,8.2,6.0,0,99.6,32.9,122.0,60.0
713,1,35.0,7.0,25.0,65.0,30.0,82.0,15.0,90.0,34.0,1,3,0,8.2,6.0,0,99.7,33.0,113.0,41.0
714,1,35.0,7.0,25.0,65.0,30.0,82.0,15.0,90.0,34.0,1,3,0,8.2,6.0,0,98.4,33.6,112.0,40.0
715,1,35.0,7.0,25.0,26.0,25.0,85.0,15.0,95.0,36.0,1,3,0,8.2,6.0,0,98.8,32.3,116.0,45.0
716,1,35.0,7.0,25.0,26.0,30.0,105.0,15.0,89.0,36.0,1,3,0,8.2,6.0,0,99.0,32.2,116.0,48.0
717,1,35.0,7.0,25.0,26.0,30.0,84.0,15.0,88.0,36.0,1,3,0,8.2,6.0,0,99.0,32.7,113.0,44.0
718,1,35.0,7.0,25.0,26.0,30.0,82.0,15.0,87.0,35.0,1,3,0,8.2,6.0,0,98.8,32.4,110.0,46.0
719,1,35.0,7.0,25.0,26.0,30.0,95.0,15.0,90.0,36.0,1,3,0,8.2,6.0,0,98.1,32.7,114.0,34.0
722,1,35.0,7.0,25.0,26.0,30.0,97.0,15.0,93.0,35.0,1,3,0,8.2,6.0,0,98.4,32.0,112.0,45.0
723,1,35.0,7.0,25.0,26.0,30.0,95.0,15.0,98.0,33.0,1,3,0,8.2,6.0,0,97.5,45.0,115.0,48.0
725,1,40.0,7.0,25.0,26.0,30.0,110.0,15.0,89.0,34.0,1,3,0,8.2,6.0,0,99.9,44.0,122.0,49.0
726,1,40.0,7.0,25.0,26.0,30.0,97.0,15.0,75.0,33.0,1,3,0,8.2,6.0,0,100.8,48.0,128.0,55.0
737,1,40.0,7.0,25.0,26.0,30.0,140.0,15.0,43.0,22.0,1,3,0,8.2,6.0,0,101.5,32.9,128.0,115.0
738,1,20.0,6.0,3.0,37.0,20.0,97.0,9.0,30.0,96.0,1,12,0,8.43,5.0,0,92.7,11.6,115.0,151.0
740,1,25.0,7.0,3.0,60.0,25.0,199.0,9.0,24.0,82.0,1,12,0,8.43,5.0,0,99.0,33.0,142.0,185.0
742,1,25.0,7.0,3.0,52.0,25.0,215.0,9.0,24.0,78.0,1,12,0,8.43,5.0,0,99.0,33.0,148.0,232.0
743,1,25.0,7.0,3.0,48.0,25.0,211.0,9.0,25.0,78.0,1,12,0,8.43,5.0,0,99.7,33.5,151.0,234.0
749,1,25.0,8.0,12.0,40.0,20.0,100.0,8.0,33.0,74.0,1,12,0,8.43,5.0,0,97.7,20.8,147.0,215.0
750,1,25.0,8.0,12.0,44.0,23.0,201.0,8.0,31.0,83.0,1,12,0,8.43,5.0,0,98.1,36.4,144.0,200.0
751,1,25.0,10.0,15.0,46.0,21.0,127.0,8.0,34.0,85.0,1,12,0,8.43,5.0,0,100.0,0.0,148.0,202.0
752,1,25.0,10.0,10.3,46.0,21.0,123.0,8.0,31.0,84.0,1,12,0,8.43,5.0,0,101.0,0.0,148.0,205.0
753,1,25.0,8.0,18.0,53.0,21.0,170.0,8.0,24.0,82.0,1,12,0,8.43,5.0,0,103.1,0.0,160.0,200.0
812,6,10.0,3.0,10.0,19.0,12.0,328.0,15.0,23.0,100.0,1,6,0,23.8,7.0,0,91.0,14.0,161.0,38.0
813,6,10.0,3.0,10.0,19.0,12.0,329.0,31.0,27.0,97.0,1,6,0,23.8,7.0,0,89.4,9.4,177.0,56.0
814,6,10.0,3.0,10.0,29.0,12.0,205.0,18.0,29.0,100.0,1,6,0,23.8,7.0,0,89.2,14.7,117.0,96.0
815,6,10.0,3.0,10.0,57.0,10.0,188.0,17.0,17.0,96.0,1,6,0,23.8,7.0,0,90.5,15.5,120.0,39.0
816,6,10.0,3.0,10.0,47.0,9.0,211.0,19.0,16.0,96.0,1,6,0,23.8,7.0,0,91.4,15.7,120.0,45.0
817,6,10.0,3.0,10.0,15.0,9.0,107.0,18.0,25.0,98.0,1,6,0,23.8,7.0,0,92.1,10.5,100.0,78.0
818,6,10.0,3.0,10.0,16.0,9.0,109.0,21.0,28.0,97.0,1,6,0,23.8,7.0,0,92.3,11.0,90.0,81.0
819,6,10.0,3.0,10.0,31.0,9.0,103.0,15.0,26.0,99.0,1,6,0,23.8,7.0,0,91.8,14.8,109.0,74.0
820,6,10.0,3.0,10.0,25.0,9.0,174.0,17.0,31.0,99.0,1,6,0,23.8,7.0,0,92.1,11.1,88.0,80.0
821,6,10.0,3.0,10.0,59.0,9.0,216.0,15.0,16.0,99.0,1,6,0,23.8,7.0,0,92.1,17.0,121.0,49.0
